{"_timestamp":1.7621950534416633e+09,"_step":49,"_wandb":{"runtime":867},"_runtime":867.722045303,"val_accuracy":0.9892,"val_loss":0.052317244573251}