{"_runtime":2334.798915562,"_step":49,"val_accuracy":0.7723955132145052,"val_loss":1.9575375132537298,"_timestamp":1.7623470468278081e+09,"_wandb":{"runtime":2334}}