{"_wandb":{"runtime":1589},"_runtime":1589.109560128,"val_accuracy":0.8925,"val_loss":0.7247668385303988,"_timestamp":1.7623441742394798e+09,"_step":49}