{"val_accuracy":0.8149200983405039,"val_loss":1.8150163306797458,"_wandb":{"runtime":2335},"_runtime":2335.225409405,"_timestamp":1.7623470468262281e+09,"_step":49}