{"val_loss":0.059371571537679246,"_timestamp":1.762195053440802e+09,"_wandb":{"runtime":868},"_runtime":868.11665569,"_step":49,"val_accuracy":0.9883}