{"val_loss":0.6320297759838972,"_wandb":{"runtime":1005},"_runtime":1005.717958932,"_timestamp":1.7621857871504586e+09,"_step":49,"val_accuracy":0.8778}