{"_runtime":1406.514409064,"_timestamp":1.7621913087226877e+09,"_step":49,"val_accuracy":0.7933696988322065,"val_loss":1.6932853833756225,"_wandb":{"runtime":1406}}