{"_runtime":868.437258004,"_step":49,"val_accuracy":0.9883,"val_loss":0.05033059328080182,"_timestamp":1.7621950534401505e+09,"_wandb":{"runtime":868}}