{"_timestamp":1.7622205888458707e+09,"_wandb":{"runtime":4401},"_runtime":4401.384135537,"_step":49,"val_accuracy":0.8363639492956292,"val_loss":0.40264204973231854}