{"_wandb":{"runtime":1588},"_runtime":1588.518284115,"val_accuracy":0.8959,"val_loss":0.7875363121171048,"_timestamp":1.762344174240494e+09,"_step":49}