{"val_loss":0.4407690418596966,"_wandb":{"runtime":9227},"_runtime":9227.104226492,"_timestamp":1.7622799621864479e+09,"_step":49,"val_accuracy":0.8130168756400438}