{"val_loss":1.8338599151563293,"_timestamp":1.762191308729271e+09,"_step":49,"_wandb":{"runtime":1406},"_runtime":1406.838249202,"val_accuracy":0.7952135832821143}