{"_wandb":{"runtime":1588},"val_accuracy":0.8787,"val_loss":0.8123699468886776,"_timestamp":1.7623441742412758e+09,"_step":49,"_runtime":1588.108345963}