{"val_accuracy":0.8124747209624537,"val_loss":0.44723947137791153,"_wandb":{"runtime":9228},"_runtime":9228.148017604,"_timestamp":1.7622799621909666e+09,"_step":49}