{"val_loss":0.39526375868903385,"_timestamp":1.762220588848588e+09,"_step":49,"val_accuracy":0.8406495529375317,"_wandb":{"runtime":4402},"_runtime":4402.583235888}