{"_step":49,"val_accuracy":0.5217,"val_loss":2.686143094566977,"_timestamp":1.7621819645289223e+09,"_wandb":{"runtime":904},"_runtime":904.561298776}