{"_runtime":904.079567085,"val_accuracy":0.4971,"val_loss":3.5902285727725665,"_timestamp":1.762181964531616e+09,"_step":49,"_wandb":{"runtime":904}}