{"val_accuracy":0.9913,"val_loss":0.04711053738153032,"_timestamp":1.762281880731374e+09,"_step":49,"_wandb":{"runtime":1619},"_runtime":1619.140012881}