{"_wandb":{"runtime":1407},"_timestamp":1.7621913086680462e+09,"_step":49,"val_accuracy":0.7825368776889982,"val_loss":1.4764921509223723,"_runtime":1407.228038981}