{"val_loss":0.34892190155250574,"_wandb":{"runtime":916},"_runtime":916.561253282,"_timestamp":1.7622662823794825e+09,"_step":49,"val_accuracy":0.8455317842153751}