{"_runtime":9226.689033237,"val_loss":0.4344593536125143,"_timestamp":1.762279962201393e+09,"_step":49,"val_accuracy":0.8153317900570554,"_wandb":{"runtime":9226}}