{"val_accuracy":0.8485003582761798,"val_loss":0.3305714916364819,"_timestamp":1.7622570873647828e+09,"_wandb":{"runtime":583},"_runtime":583.147695897,"_step":49}