{"val_loss":2.9081489834815835,"_timestamp":1.7621819645296752e+09,"_step":49,"_runtime":904.39943298,"_wandb":{"runtime":904},"val_accuracy":0.5058}