{"_step":49,"val_accuracy":0.8729,"val_loss":0.7977652363716417,"_wandb":{"runtime":1587},"_runtime":1587.43917427,"_timestamp":1.7623441742363076e+09}