{"_wandb":{"runtime":914},"_runtime":914.872480384,"val_accuracy":0.8545398710205753,"val_loss":0.3188798324344984,"_timestamp":1.7622662823772035e+09,"_step":49}