{"val_accuracy":0.8469648889343843,"val_loss":0.35805458103130067,"_timestamp":1.762266282378543e+09,"_runtime":917.063480599,"_wandb":{"runtime":917},"_step":49}