{"val_loss":2.676819346133311,"_timestamp":1.7621819645275981e+09,"_runtime":905.378060972,"_wandb":{"runtime":905},"_step":49,"val_accuracy":0.5074}