{"_timestamp":1.7622799621898625e+09,"_step":49,"val_accuracy":0.7986971076478232,"val_loss":0.4684745560888414,"_wandb":{"runtime":9227},"_runtime":9227.083400906}