{"_wandb":{"runtime":1407},"_runtime":1407.12874791,"val_loss":1.5031347782957467,"_timestamp":1.7621913087296407e+09,"_step":49,"val_accuracy":0.7909880147510756}