{"_runtime":1620.043964888,"val_accuracy":0.9878,"val_loss":0.06590521714255598,"_timestamp":1.7622818807317178e+09,"_step":49,"_wandb":{"runtime":1620}}