{"_wandb":{"runtime":1224},"_runtime":1224.079227049,"val_loss":5.384870398576092,"_timestamp":1.7623028475230737e+09,"_step":49,"val_accuracy":0.4888}