{"val_accuracy":0.9869,"val_loss":0.06935645779138642,"_timestamp":1.76219505343766e+09,"_step":49,"_runtime":869.187511141,"_wandb":{"runtime":869}}