{"_runtime":1224.96783744,"_step":49,"val_accuracy":0.5088,"val_loss":4.832158688527004,"_timestamp":1.7623028475254889e+09,"_wandb":{"runtime":1224}}