{"_runtime":1225.644662301,"val_accuracy":0.4994,"val_loss":3.8338800099245303,"_timestamp":1.7623028475253289e+09,"_step":49,"_wandb":{"runtime":1225}}