{"_wandb":{"runtime":4402},"_runtime":4402.632665757,"val_loss":0.45006857133811,"_timestamp":1.762220588848682e+09,"_step":49,"val_accuracy":0.8228358992452862}