{"_step":49,"val_accuracy":0.9921,"val_loss":0.04222543204529992,"_timestamp":1.7622818807298312e+09,"_wandb":{"runtime":1617},"_runtime":1617.845721048}