{"_wandb":{"runtime":905},"_runtime":905.080876377,"val_accuracy":0.4595,"val_loss":4.035377879051646,"_timestamp":1.7621819645287545e+09,"_step":49}