{"_timestamp":1.7621913086676261e+09,"_step":49,"val_accuracy":0.7906038721573448,"_wandb":{"runtime":1405},"_runtime":1405.494707164,"val_loss":1.5718121938682013}