{"val_loss":0.7937349546107517,"_wandb":{"runtime":1588},"_runtime":1588.909397813,"_timestamp":1.7623441742399716e+09,"_step":49,"val_accuracy":0.8967}