{"val_loss":0.45926759313250426,"_timestamp":1.7622799621942897e+09,"_wandb":{"runtime":9228},"_runtime":9228.121843101,"_step":49,"val_accuracy":0.8084386805848386}