{"_runtime":1007.356325946,"_wandb":{"runtime":1007},"_step":49,"val_accuracy":0.8859,"val_loss":0.5477902173616325,"_timestamp":1.7621857871464164e+09}