{"_step":49,"val_accuracy":0.9866,"val_loss":0.06540473839350702,"_timestamp":1.7621950534383597e+09,"_wandb":{"runtime":869},"_runtime":869.112363874}