{"_step":49,"val_accuracy":0.8443327624932231,"val_loss":0.38097180146313714,"_runtime":4403.261364471,"_wandb":{"runtime":4403},"_timestamp":1.762220588829213e+09}