{"_step":49,"_wandb":{"runtime":584},"_runtime":584.225404096,"val_accuracy":0.8455317842153751,"val_loss":0.32813164338566897,"_timestamp":1.7622570873608572e+09}