{"_runtime":1407.352904384,"_step":49,"val_accuracy":0.7988245236631838,"val_loss":1.9052628860133871,"_timestamp":1.7621913086683807e+09,"_wandb":{"runtime":1407}}