{"_wandb":{"runtime":917},"val_loss":0.3299345112119625,"_timestamp":1.7622662823779595e+09,"_step":49,"val_accuracy":0.8540280479066434,"_runtime":917.269646403}