{"_step":49,"val_accuracy":0.8419490224178524,"_wandb":{"runtime":583},"_runtime":583.287247343,"val_loss":0.3319448066108367,"_timestamp":1.7622570873651774e+09}