{"_wandb":{"runtime":1006},"val_loss":0.6971656036367462,"_timestamp":1.762185787147854e+09,"_step":49,"val_accuracy":0.8924,"_runtime":1006.425703897}