{"_step":49,"val_accuracy":0.4673,"val_loss":4.408978292137195,"_timestamp":1.762302847526888e+09,"_wandb":{"runtime":1225},"_runtime":1225.200638938}