{"_timestamp":1.7622818807300348e+09,"_step":49,"val_accuracy":0.9911,"_wandb":{"runtime":1620},"_runtime":1620.240655189,"val_loss":0.04551763941763693}