{"_step":49,"val_accuracy":0.7915258143822987,"val_loss":1.8997680795280587,"_wandb":{"runtime":2334},"_runtime":2334.290293483,"_timestamp":1.7623470468292196e+09}