{"_wandb":{"runtime":4401},"_runtime":4401.418814076,"val_loss":0.3780647797370535,"_timestamp":1.7622205888446717e+09,"_step":49,"val_accuracy":0.8465444093525984}