{"val_loss":3.0577469889525397,"_timestamp":1.7621819645309513e+09,"_wandb":{"runtime":904},"_runtime":904.262056045,"_step":49,"val_accuracy":0.5222}