{"_wandb":{"runtime":582},"_runtime":582.312606553,"val_loss":0.3189331713844748,"_timestamp":1.762257087367355e+09,"_step":49,"val_accuracy":0.8530044016787798}