{"_wandb":{"runtime":1618},"_runtime":1618.940215204,"val_loss":0.04106168441062406,"_timestamp":1.7622818807294695e+09,"_step":49,"val_accuracy":0.9921}