{"val_accuracy":0.4393,"val_loss":4.009470450650355,"_timestamp":1.7623028475238163e+09,"_step":49,"_wandb":{"runtime":1226},"_runtime":1226.23544355}