{"_timestamp":1.7622205888295703e+09,"_wandb":{"runtime":4403},"_runtime":4403.428665064,"_step":49,"val_accuracy":0.8449179453198282,"val_loss":0.37568752611228284}