{"_wandb":{"runtime":1405},"_runtime":1405.94958606,"_step":49,"val_accuracy":0.7581438229870928,"val_loss":1.9301905162650772,"_timestamp":1.7621913087223713e+09}