{"_wandb":{"runtime":1006},"_runtime":1006.835573054,"val_accuracy":0.8869,"val_loss":0.6180584989606764,"_timestamp":1.7621857871463614e+09,"_step":49}