{"val_accuracy":0.836751202636765,"_wandb":{"runtime":4402},"_runtime":4402.02222648,"val_loss":0.39676552771340384,"_timestamp":1.7622205888449848e+09,"_step":49}