{"_runtime":905.335466254,"val_accuracy":0.5443,"val_loss":3.7104654183053665,"_timestamp":1.762181964527614e+09,"_step":49,"_wandb":{"runtime":905}}