{"_wandb":{"runtime":1225},"_runtime":1225.836004933,"_timestamp":1.762302847526806e+09,"_step":49,"val_accuracy":0.5002,"val_loss":5.333181583198013}