{"val_loss":2.047865196586534,"_timestamp":1.7623470468263974e+09,"_step":49,"_wandb":{"runtime":2335},"_runtime":2335.154557147,"val_accuracy":0.8048555623847572}