{"val_loss":1.5598721296254188,"_timestamp":1.762191308728621e+09,"_wandb":{"runtime":1406},"_runtime":1406.469189434,"_step":49,"val_accuracy":0.7948678549477566}