{"_step":49,"val_accuracy":0.8530044016787798,"val_loss":0.3386559422109641,"_wandb":{"runtime":915},"_runtime":915.774225689,"_timestamp":1.7622662823877246e+09}