{"_timestamp":1.7622662823860085e+09,"_step":49,"val_accuracy":0.8296652676834886,"_wandb":{"runtime":915},"_runtime":915.963595372,"val_loss":0.37271253774368684}