{"val_loss":3.419302529590145,"_timestamp":1.7621819645356038e+09,"_step":49,"val_accuracy":0.5308,"_wandb":{"runtime":903},"_runtime":903.660630713}