{"_step":49,"val_accuracy":0.5072,"_wandb":{"runtime":1224},"_runtime":1224.719400235,"val_loss":4.975049811563674,"_timestamp":1.7623028475253239e+09}