{"val_loss":0.3160942996444266,"_timestamp":1.7622570873650172e+09,"_wandb":{"runtime":582},"_runtime":582.626569299,"_step":49,"val_accuracy":0.8549493295117208}