{"_timestamp":1.762344174237236e+09,"_step":49,"val_accuracy":0.8685,"_wandb":{"runtime":1589},"_runtime":1589.745446202,"val_loss":0.8545346939639681}