{"val_loss":4.563964212016695,"_timestamp":1.7623028475251617e+09,"_wandb":{"runtime":1225},"_runtime":1225.408756488,"_step":49,"val_accuracy":0.5047}