{"_step":49,"val_accuracy":0.801321450522434,"_wandb":{"runtime":2333},"_runtime":2333.879034208,"val_loss":1.9567302473127404,"_timestamp":1.7623470468306987e+09}