{"val_loss":0.5489424038559768,"_timestamp":1.7621857871462111e+09,"_wandb":{"runtime":1006},"_runtime":1006.891702011,"_step":49,"val_accuracy":0.8834}