{"_timestamp":1.7621950534429948e+09,"_step":49,"_wandb":{"runtime":867},"_runtime":867.570341881,"val_accuracy":0.9862,"val_loss":0.06703783170801379}