{"_timestamp":1.762344174240484e+09,"_step":49,"val_accuracy":0.8949,"val_loss":0.8064717846406493,"_wandb":{"runtime":1588},"_runtime":1588.264575539}