{"_timestamp":1.7622570873628657e+09,"_step":49,"val_accuracy":0.853618589415498,"_wandb":{"runtime":583},"_runtime":583.584822105,"val_loss":0.3322245543883517}