{"_step":49,"val_accuracy":0.7739704978488015,"_wandb":{"runtime":2335},"_runtime":2335.631823207,"val_loss":2.0033558328848797,"_timestamp":1.762347046826157e+09}