{"_runtime":1225.550199126,"val_loss":3.401137389954488,"_timestamp":1.7623028475237157e+09,"_step":49,"val_accuracy":0.4704,"_wandb":{"runtime":1225}}