{"val_accuracy":0.9881,"val_loss":0.055992738002783586,"_timestamp":1.7621950534411778e+09,"_wandb":{"runtime":868},"_runtime":868.043372273,"_step":49}