{"val_loss":0.5521128121024974,"_wandb":{"runtime":9226},"_runtime":9226.546357453,"_timestamp":1.7622799621973736e+09,"_step":49,"val_accuracy":0.7740764007813912}