{"val_accuracy":0.8934,"val_loss":0.7335815012965138,"_timestamp":1.762344174238941e+09,"_step":49,"_wandb":{"runtime":1589},"_runtime":1589.459661278}