{"val_loss":0.5996668804081002,"_timestamp":1.7621857871488624e+09,"_wandb":{"runtime":1006},"_runtime":1006.101918064,"_step":49,"val_accuracy":0.8859}