{"val_loss":3.437950983928267,"_wandb":{"runtime":1223},"_runtime":1223.86640779,"_timestamp":1.7623028475238392e+09,"_step":49,"val_accuracy":0.4781}