{"val_loss":1.6809713101650632,"_timestamp":1.7621913087205498e+09,"_wandb":{"runtime":1406},"_runtime":1406.23435678,"_step":49,"val_accuracy":0.7842271051014137}