{"val_accuracy":0.987,"val_loss":0.0630515773630295,"_wandb":{"runtime":1617},"_runtime":1617.863744851,"_timestamp":1.7622818807295716e+09,"_step":49}