{"_step":49,"_wandb":{"runtime":1589},"_runtime":1589.610293048,"val_accuracy":0.8806,"val_loss":0.9400846804403196,"_timestamp":1.7623441742378852e+09}