{"_timestamp":1.7621913086850753e+09,"_step":49,"val_accuracy":0.7829978488014752,"_wandb":{"runtime":1405},"_runtime":1405.55588971,"val_loss":1.574400489541178}