{"val_loss":0.043295692744929996,"_timestamp":1.7622818807327418e+09,"_wandb":{"runtime":1619},"_runtime":1619.472132596,"_step":49,"val_accuracy":0.9916}