{"_step":49,"val_accuracy":0.9907,"_wandb":{"runtime":1619},"_runtime":1619.170934015,"val_loss":0.04603360373849549,"_timestamp":1.7622818807321398e+09}