{"_wandb":{"runtime":582},"_step":49,"val_accuracy":0.8469648889343843,"val_loss":0.377102939911138,"_timestamp":1.7622570873653955e+09,"_runtime":582.422014993}