{"val_accuracy":0.7738168408113092,"val_loss":1.7223746765597154,"_wandb":{"runtime":2334},"_runtime":2334.089457402,"_timestamp":1.76234704683213e+09,"_step":49}