{"_timestamp":1.762266282380238e+09,"_wandb":{"runtime":916},"_runtime":916.431297872,"_step":49,"val_accuracy":0.8472719828027434,"val_loss":0.3394369319373486}