{"val_loss":0.3203328141784356,"_timestamp":1.7622570873622453e+09,"_step":49,"_wandb":{"runtime":583},"_runtime":583.890689787,"val_accuracy":0.8489098167673252}