{"_timestamp":1.7621950534390194e+09,"_step":49,"val_accuracy":0.9868,"val_loss":0.06241175138312868,"_wandb":{"runtime":868},"_runtime":868.936829894}