{"_wandb":{"runtime":1006},"_runtime":1006.631664475,"val_accuracy":0.8815,"val_loss":0.6384605810425843,"_timestamp":1.7621857871477172e+09,"_step":49}