{"val_loss":0.39740413889321724,"_timestamp":1.7622205888393772e+09,"_step":49,"_runtime":4401.98949748,"_wandb":{"runtime":4401},"val_accuracy":0.8368372589347951}