{"_step":49,"_wandb":{"runtime":1619},"_runtime":1619.812312581,"val_accuracy":0.9886,"val_loss":0.06435203561209275,"_timestamp":1.762281880736245e+09}