{"_runtime":868.645003088,"_wandb":{"runtime":868},"_step":49,"val_accuracy":0.9884,"val_loss":0.057903655278721836,"_timestamp":1.7621950534394457e+09}