{"val_accuracy":0.8132298709280885,"val_loss":2.0134786364487405,"_timestamp":1.7623470468287137e+09,"_wandb":{"runtime":2335},"_runtime":2335.033622496,"_step":49}