{"val_accuracy":0.8821,"_wandb":{"runtime":1007},"_runtime":1007.729118108,"val_loss":0.6839757393689672,"_timestamp":1.7621857871441042e+09,"_step":49}