{"val_accuracy":0.8746,"val_loss":0.7472316143429203,"_timestamp":1.7623441742397606e+09,"_wandb":{"runtime":1588},"_runtime":1588.70472397,"_step":49}