{"_wandb":{"runtime":584},"_runtime":584.076140286,"_step":49,"val_accuracy":0.8548469648889344,"val_loss":0.3122267814633114,"_timestamp":1.7622570873617365e+09}