{"_step":49,"val_accuracy":0.8782,"val_loss":0.6933260144321782,"_wandb":{"runtime":1007},"_runtime":1007.892346424,"_timestamp":1.7621857871434703e+09}