{"_wandb":{"runtime":2334},"_runtime":2334.435740688,"val_loss":1.8073843509617835,"_timestamp":1.7623470468295138e+09,"_step":49,"val_accuracy":0.7760832821143209}