{"_wandb":{"runtime":903},"_runtime":903.856134022,"val_loss":3.285543412919257,"_timestamp":1.7621819645337222e+09,"_step":49,"val_accuracy":0.5347}