{"_runtime":9227.45327856,"val_accuracy":0.805099696221268,"val_loss":0.4581003793174737,"_timestamp":1.76227996218507e+09,"_step":49,"_wandb":{"runtime":9227}}