{"_runtime":9227.632954861,"val_accuracy":0.7961068130771151,"val_loss":0.5322096358393914,"_timestamp":1.7622799621965535e+09,"_step":49,"_wandb":{"runtime":9227}}