{"_step":49,"val_accuracy":0.5424,"val_loss":3.521620868877241,"_timestamp":1.762181964528555e+09,"_wandb":{"runtime":904},"_runtime":904.866622962}