{"_wandb":{"runtime":9228},"_runtime":9228.349193304,"_step":49,"val_accuracy":0.7900398440659879,"val_loss":0.5520681144858378,"_timestamp":1.7622799621921518e+09}