{"val_accuracy":0.8535162247927116,"val_loss":0.3159376608780007,"_timestamp":1.762257087361055e+09,"_step":49,"_wandb":{"runtime":584},"_runtime":584.327150844}