{"_step":49,"val_accuracy":0.8463,"val_loss":0.8820116436405546,"_timestamp":1.7621857871445227e+09,"_wandb":{"runtime":1007},"_runtime":1007.539425412}