{"_wandb":{"runtime":4403},"_runtime":4403.573355307,"val_loss":0.4184079593055705,"_timestamp":1.762220588829912e+09,"_step":49,"val_accuracy":0.8272419817044311}