{"_wandb":{"runtime":2335},"_runtime":2335.538623138,"_step":49,"val_accuracy":0.803318992009834,"val_loss":1.8558951854266463,"_timestamp":1.762347046826092e+09}