{"_wandb":{"runtime":916},"_runtime":916.129129786,"val_accuracy":0.8532091309243526,"val_loss":0.325796677688368,"_timestamp":1.7622662823812478e+09,"_step":49}