{"_wandb":{"runtime":916},"_runtime":916.851538108,"_step":49,"val_accuracy":0.8512642030914116,"val_loss":0.3402794331701752,"_timestamp":1.762266282379063e+09}