{"_runtime":9227.86388596,"_wandb":{"runtime":9227},"val_accuracy":0.8140581568462087,"val_loss":0.44288356261664286,"_timestamp":1.7622799621916542e+09,"_step":49}