{"_step":49,"val_accuracy":0.8464067192757502,"val_loss":0.37803990557986733,"_timestamp":1.7622205888344934e+09,"_wandb":{"runtime":4402},"_runtime":4402.851870369}