{"val_accuracy":0.988,"_wandb":{"runtime":869},"_runtime":869.287038803,"val_loss":0.06283606132049518,"_timestamp":1.762195053437131e+09,"_step":49}