{"_timestamp":1.762281880730777e+09,"_step":49,"val_accuracy":0.9924,"_runtime":1619.080432127,"_wandb":{"runtime":1619},"val_loss":0.03985176572049343}